Distance,StdDev
6,0.154600574
7,0.154099521
8,0.1598616
9,0.261385087
10,0.155908663
11,0.159465581
12,0.172169007
13,0.178381497
14,0.191327442
15,0.206047033
16,0.21204425
17,0.250650138
18,0.204973711
19,0.246313007
20,0.305772647
