Distance,StdDev
6,0.154600574
8,0.1598616
10,0.155908663
12,0.172169007
14,0.191327442
16,0.21204425
18,0.204973711
20,0.305772647
