Distance,Mean,StdDev
10,474.612,5.541856022
40,853.219,7.802558485
70,827.726,7.675013344
100,681.726,6.61685021
130,541.733,6.548480251
160,460.129,5.688296381
190,392.395,5.339614826
220,326.645,5.550115204
250,283.031,4.987274999
280,234.734,4.682218189
310,194.999,5.060890397
